Date,Adj Close,Close,High,Low,Open,Volume
,AAPL,AAPL,AAPL,AAPL,AAPL,AAPL
2021-01-04,126.54421997070312,129.41000366210938,133.61000061035156,126.76000213623047,133.52000427246094,143301900
2021-01-05,128.10874938964844,131.00999450683594,131.74000549316406,128.42999267578125,128.88999938964844,97664900
2021-01-06,123.79644775390625,126.5999984741211,131.0500030517578,126.37999725341797,127.72000122070312,155088000
2021-01-07,128.02078247070312,130.9199981689453,131.6300048828125,127.86000061035156,128.36000061035156,109578200
2021-01-08,129.1257781982422,132.0500030517578,132.6300048828125,130.22999572753906,132.42999267578125,105158200
2021-01-11,126.12372589111328,128.97999572753906,130.1699981689453,128.5,129.19000244140625,100384500
2021-01-12,125.9477310180664,128.8000030517578,129.69000244140625,126.86000061035156,128.5,91951100
2021-01-13,127.99144744873047,130.88999938964844,131.4499969482422,128.49000549316406,128.75999450683594,88636800
2021-01-14,126.05528259277344,128.91000366210938,131.0,128.75999450683594,130.8000030517578,90221800
2021-01-15,124.32447052001953,127.13999938964844,130.22000122070312,127.0,128.77999877929688,111598500
2021-01-19,124.99919891357422,127.83000183105469,128.7100067138672,126.94000244140625,127.77999877929688,90757300
2021-01-20,129.10618591308594,132.02999877929688,132.49000549316406,128.5500030517578,128.66000366210938,104319500
2021-01-21,133.83905029296875,136.8699951171875,139.6699981689453,133.58999633789062,133.8000030517578,120150900
2021-01-22,135.9902801513672,139.07000732421875,139.85000610351562,135.02000427246094,136.27999877929688,114459400
2021-01-25,139.75502014160156,142.9199981689453,145.08999633789062,136.5399932861328,143.07000732421875,157611700
2021-01-26,139.9897003173828,143.16000366210938,144.3000030517578,141.3699951171875,143.60000610351562,98390600
2021-01-27,138.9140625,142.05999755859375,144.3000030517578,140.41000366210938,143.42999267578125,140843800
2021-01-28,134.05410766601562,137.08999633789062,141.99000549316406,136.6999969482422,139.52000427246094,142621100
2021-01-29,129.03775024414062,131.9600067138672,136.74000549316406,130.2100067138672,135.8300018310547,177523800
2021-02-01,131.16946411132812,134.13999938964844,135.3800048828125,130.92999267578125,133.75,106239800
2021-02-02,132.00067138671875,134.99000549316406,136.30999755859375,134.61000061035156,135.72999572753906,83305400
2021-02-03,130.97389221191406,133.94000244140625,135.77000427246094,133.61000061035156,135.75999450683594,89880900
2021-02-04,134.34747314453125,137.38999938964844,137.39999389648438,134.58999633789062,136.3000030517578,84183100
2021-02-05,133.93128967285156,136.75999450683594,137.4199981689453,135.86000061035156,137.35000610351562,75693800
2021-02-08,134.07818603515625,136.91000366210938,136.9600067138672,134.9199981689453,136.02999877929688,71297200
2021-02-09,133.19679260253906,136.00999450683594,137.8800048828125,135.85000610351562,136.6199951171875,76774200
2021-02-10,132.589599609375,135.38999938964844,136.99000549316406,134.39999389648438,136.47999572753906,73046600
2021-02-11,132.3350067138672,135.1300048828125,136.38999938964844,133.77000427246094,135.89999389648438,64280000
2021-02-12,132.5700225830078,135.3699951171875,135.52999877929688,133.69000244140625,134.35000610351562,60145100
2021-02-16,130.4351348876953,133.19000244140625,136.00999450683594,132.7899932861328,135.49000549316406,80576300
2021-02-17,128.1337432861328,130.83999633789062,132.22000122070312,129.47000122070312,131.25,97918500
2021-02-18,127.02710723876953,129.7100067138672,130.0,127.41000366210938,129.1999969482422,96856700
2021-02-19,127.18379974365234,129.8699951171875,130.7100067138672,128.8000030517578,130.24000549316406,87668800
2021-02-22,123.39384460449219,126.0,129.72000122070312,125.5999984741211,128.00999450683594,103916400
2021-02-23,123.25674438476562,125.86000061035156,126.70999908447266,118.38999938964844,123.76000213623047,158273000
2021-02-24,122.75728607177734,125.3499984741211,125.55999755859375,122.2300033569336,124.94000244140625,111039900
2021-02-25,118.48747253417969,120.98999786376953,126.45999908447266,120.54000091552734,124.68000030517578,148199500
2021-02-26,118.75187683105469,121.26000213623047,124.8499984741211,121.19999694824219,122.58999633789062,164560400
2021-03-01,125.14682006835938,127.79000091552734,127.93000030517578,122.79000091552734,123.75,116307900
2021-03-02,122.53203582763672,125.12000274658203,128.72000122070312,125.01000213623047,128.41000366210938,102260900
2021-03-03,119.53534698486328,122.05999755859375,125.70999908447266,121.83999633789062,124.80999755859375,112966300
2021-03-04,117.645263671875,120.12999725341797,123.5999984741211,118.62000274658203,121.75,178155000
2021-03-05,118.90858459472656,121.41999816894531,121.94000244140625,117.56999969482422,120.9800033569336,153766600
2021-03-08,113.9532470703125,116.36000061035156,121.0,116.20999908447266,120.93000030517578,154376600
2021-03-09,118.58540344238281,121.08999633789062,122.05999755859375,118.79000091552734,119.02999877929688,129525800
2021-03-10,117.49835968017578,119.9800033569336,122.16999816894531,119.44999694824219,121.69000244140625,111943300
2021-03-11,119.43741607666016,121.95999908447266,123.20999908447266,121.26000213623047,122.54000091552734,103026500
2021-03-12,118.52664947509766,121.02999877929688,121.16999816894531,119.16000366210938,120.4000015258789,88105100
2021-03-15,121.4254150390625,123.98999786376953,124.0,120.41999816894531,121.41000366210938,92403800
2021-03-16,122.97274780273438,125.56999969482422,127.22000122070312,124.72000122070312,125.69999694824219,115227900
2021-03-17,122.17948913574219,124.76000213623047,125.86000061035156,122.33999633789062,124.05000305175781,111932600
2021-03-18,118.03699493408203,120.52999877929688,123.18000030517578,120.31999969482422,122.87999725341797,121229700
2021-03-19,117.50814819335938,119.98999786376953,121.43000030517578,119.68000030517578,119.9000015258789,185549500
2021-03-22,120.83781433105469,123.38999938964844,123.87000274658203,120.26000213623047,120.33000183105469,111912300
2021-03-23,120.00540161132812,122.54000091552734,124.23999786376953,122.13999938964844,123.33000183105469,95467100
2021-03-24,117.6060791015625,120.08999633789062,122.9000015258789,120.06999969482422,122.81999969482422,88530500
2021-03-25,118.09574127197266,120.58999633789062,121.66000366210938,119.0,119.54000091552734,98844700
2021-03-26,118.70292663574219,121.20999908447266,121.4800033569336,118.91999816894531,120.3499984741211,94071200
2021-03-29,118.87919616699219,121.38999938964844,122.58000183105469,120.7300033569336,121.6500015258789,80819200
2021-03-30,117.42001342773438,119.9000015258789,120.4000015258789,118.86000061035156,120.11000061035156,85671900
2021-03-31,119.62348937988281,122.1500015258789,123.5199966430664,121.1500015258789,121.6500015258789,118323800
2021-04-01,120.45588684082031,123.0,124.18000030517578,122.48999786376953,123.66000366210938,75089100
2021-04-05,123.29591369628906,125.9000015258789,126.16000366210938,123.06999969482422,123.87000274658203,88651200
2021-04-06,123.5995101928711,126.20999908447266,127.12999725341797,125.6500015258789,126.5,80171300
2021-04-07,125.25455474853516,127.9000015258789,127.91999816894531,125.13999938964844,125.83000183105469,83466700
2021-04-08,127.66365814208984,130.36000061035156,130.38999938964844,128.52000427246094,128.9499969482422,88844600
2021-04-09,130.2490692138672,133.0,133.0399932861328,129.47000122070312,129.8000030517578,106686700
2021-04-12,128.52548217773438,131.24000549316406,132.85000610351562,130.6300048828125,132.52000427246094,91420000
2021-04-13,131.6494903564453,134.42999267578125,134.66000366210938,131.92999267578125,132.44000244140625,91266500
2021-04-14,129.2991180419922,132.02999877929688,135.0,131.66000366210938,134.94000244140625,87222800
2021-04-15,131.71803283691406,134.5,135.0,133.63999938964844,133.82000732421875,89347100
2021-04-16,131.3850555419922,134.16000366210938,134.6699981689453,133.27999877929688,134.3000030517578,84922400
2021-04-19,132.05099487304688,134.83999633789062,135.47000122070312,133.33999633789062,133.50999450683594,94264200
2021-04-20,130.35679626464844,133.11000061035156,135.52999877929688,131.80999755859375,135.02000427246094,94812300
2021-04-21,130.7387237548828,133.5,133.75,131.3000030517578,132.36000061035156,68847100
2021-04-22,129.21099853515625,131.94000244140625,134.14999389648438,131.41000366210938,133.0399932861328,84566500
2021-04-23,131.54177856445312,134.32000732421875,135.1199951171875,132.16000366210938,132.16000366210938,78657500
2021-04-26,131.9334716796875,134.72000122070312,135.05999755859375,133.55999755859375,134.8300018310547,66905100
2021-04-27,131.6103057861328,134.38999938964844,135.41000366210938,134.11000061035156,135.00999450683594,66015800
2021-04-28,130.81704711914062,133.5800018310547,135.02000427246094,133.0800018310547,134.30999755859375,107760100
2021-04-29,130.71914672851562,133.47999572753906,137.07000732421875,132.4499969482422,136.47000122070312,151101000
2021-04-30,128.7409210205078,131.4600067138672,133.55999755859375,131.07000732421875,131.77999877929688,109839500
2021-05-03,129.79856872558594,132.5399932861328,134.07000732421875,131.8300018310547,132.0399932861328,75135100
2021-05-04,125.20558166503906,127.8499984741211,131.49000549316406,126.69999694824219,131.19000244140625,137564700
2021-05-05,125.45040130615234,128.10000610351562,130.4499969482422,127.97000122070312,129.1999969482422,84000900
2021-05-06,127.0564956665039,129.74000549316406,129.75,127.12999725341797,127.88999938964844,78128300
2021-05-07,127.73338317871094,130.2100067138672,131.25999450683594,129.47999572753906,130.85000610351562,78973300
2021-05-10,124.43727111816406,126.8499984741211,129.5399932861328,126.80999755859375,129.41000366210938,88071200
2021-05-11,123.5151596069336,125.91000366210938,126.2699966430664,122.7699966430664,123.5,126142800
2021-05-12,120.43486022949219,122.7699966430664,124.63999938964844,122.25,123.4000015258789,112172300
2021-05-13,122.59302520751953,124.97000122070312,126.1500015258789,124.26000213623047,124.58000183105469,105861300
2021-05-14,125.0258560180664,127.44999694824219,127.88999938964844,125.8499984741211,126.25,81918000
2021-05-17,123.86830139160156,126.2699966430664,126.93000030517578,125.16999816894531,126.81999969482422,74244600
2021-05-18,122.47528839111328,124.8499984741211,126.98999786376953,124.77999877929688,126.55999755859375,63342900
2021-05-19,122.31835174560547,124.69000244140625,124.91999816894531,122.86000061035156,123.16000366210938,92612000
2021-05-20,124.88851165771484,127.30999755859375,127.72000122070312,125.0999984741211,125.2300033569336,76857100
2021-05-21,123.0442886352539,125.43000030517578,128.0,125.20999908447266,127.81999969482422,79295400
2021-05-24,124.68252563476562,127.0999984741211,127.94000244140625,125.94000244140625,126.01000213623047,63092900
2021-05-25,124.48631286621094,126.9000015258789,128.32000732421875,126.31999969482422,127.81999969482422,72009500
2021-05-26,124.43727111816406,126.8499984741211,127.38999938964844,126.41999816894531,126.95999908447266,56575900
2021-05-27,122.89712524414062,125.27999877929688,127.63999938964844,125.08000183105469,126.44000244140625,94625600
2021-05-28,122.23987579345703,124.61000061035156,125.80000305175781,124.55000305175781,125.56999969482422,71311100
2021-06-01,121.9161376953125,124.27999877929688,125.3499984741211,123.94000244140625,125.08000183105469,67637100
2021-06-02,122.68130493164062,125.05999755859375,125.23999786376953,124.05000305175781,124.27999877929688,59278900
2021-06-03,121.19023132324219,123.54000091552734,124.8499984741211,123.12999725341797,124.68000030517578,76229200
2021-06-04,123.49553680419922,125.88999938964844,126.16000366210938,123.8499984741211,124.06999969482422,75169300
2021-06-07,123.50534057617188,125.9000015258789,126.31999969482422,124.83000183105469,126.16999816894531,71057600
2021-06-08,124.32935333251953,126.73999786376953,128.4600067138672,126.20999908447266,126.5999984741211,74403800
2021-06-09,124.71192932128906,127.12999725341797,127.75,126.5199966430664,127.20999908447266,56877900
2021-06-10,123.71134948730469,126.11000061035156,128.19000244140625,125.94000244140625,127.0199966430664,71186400
2021-06-11,124.92776489257812,127.3499984741211,127.44000244140625,126.0999984741211,126.52999877929688,53522400
2021-06-14,127.99824523925781,130.47999572753906,130.5399932861328,127.06999969482422,127.81999969482422,96906500
2021-06-15,127.17420959472656,129.63999938964844,130.60000610351562,129.38999938964844,129.94000244140625,62746300
2021-06-16,127.67450714111328,130.14999389648438,130.88999938964844,128.4600067138672,130.3699951171875,91815000
2021-06-17,129.2833251953125,131.7899932861328,132.5500030517578,129.64999389648438,129.8000030517578,96721700
2021-06-18,127.97862243652344,130.4600067138672,131.50999450683594,130.24000549316406,130.7100067138672,108953300
2021-06-21,129.7836151123047,132.3000030517578,132.41000366210938,129.2100067138672,130.3000030517578,79663300
2021-06-22,131.43167114257812,133.97999572753906,134.0800018310547,131.6199951171875,132.1300048828125,74783600
2021-06-23,131.156982421875,133.6999969482422,134.32000732421875,133.22999572753906,133.77000427246094,60214200
2021-06-24,130.87249755859375,133.41000366210938,134.63999938964844,132.92999267578125,134.4499969482422,68711000
2021-06-25,130.5782012939453,133.11000061035156,133.88999938964844,132.80999755859375,133.4600067138672,70783700
2021-06-28,132.21641540527344,134.77999877929688,135.25,133.35000610351562,133.41000366210938,62111300
2021-06-29,133.7369384765625,136.3300018310547,136.49000549316406,134.35000610351562,134.8000030517578,64556100
2021-06-30,134.35498046875,136.9600067138672,137.41000366210938,135.8699951171875,136.1699981689453,63261400
2021-07-01,134.65904235839844,137.27000427246094,137.3300018310547,135.75999450683594,136.60000610351562,52485800
2021-07-02,137.2979278564453,139.9600067138672,140.0,137.75,137.89999389648438,78852600
2021-07-06,139.3187255859375,142.02000427246094,143.14999389648438,140.07000732421875,140.07000732421875,108181800
2021-07-07,141.8202362060547,144.57000732421875,144.88999938964844,142.66000366210938,143.5399932861328,104911600
2021-07-08,140.51553344726562,143.24000549316406,144.05999755859375,140.6699981689453,141.5800018310547,105575500
2021-07-09,142.3499755859375,145.11000061035156,145.64999389648438,142.64999389648438,142.75,99890800
2021-07-12,141.75155639648438,144.5,146.32000732421875,144.0,146.2100067138672,76299700
2021-07-13,142.869873046875,145.63999938964844,147.4600067138672,143.6300048828125,144.02999877929688,100827100
2021-07-14,146.3131103515625,149.14999389648438,149.57000732421875,147.67999267578125,148.10000610351562,127050800
2021-07-15,145.65585327148438,148.47999572753906,150.0,147.08999633789062,149.24000549316406,106820300
2021-07-16,143.60560607910156,146.38999938964844,149.75999450683594,145.8800048828125,148.4600067138672,93251400
2021-07-19,139.7405548095703,142.4499969482422,144.07000732421875,141.6699981689453,143.75,121434600
2021-07-20,143.37017822265625,146.14999389648438,147.10000610351562,142.9600067138672,143.4600067138672,96350000
2021-07-21,142.6344451904297,145.39999389648438,146.1300048828125,144.6300048828125,145.52999877929688,74993500
2021-07-22,144.00779724121094,146.8000030517578,148.1999969482422,145.80999755859375,145.94000244140625,77338200
2021-07-23,145.73435974121094,148.55999755859375,148.72000122070312,146.9199981689453,147.5500030517578,71447400
2021-07-26,146.1561737060547,148.99000549316406,149.8300018310547,147.6999969482422,148.27000427246094,72434100
2021-07-27,143.97837829589844,146.77000427246094,149.2100067138672,145.5500030517578,149.1199951171875,104818600
2021-07-28,142.22239685058594,144.97999572753906,146.97000122070312,142.5399932861328,144.80999755859375,118931200
2021-07-29,142.869873046875,145.63999938964844,146.5500030517578,144.5800018310547,144.69000244140625,56699500
2021-07-30,143.08567810058594,145.86000061035156,146.3300018310547,144.11000061035156,144.3800048828125,70440600
2021-08-02,142.75218200683594,145.52000427246094,146.9499969482422,145.25,146.36000061035156,62880000
2021-08-03,144.55715942382812,147.36000061035156,148.0399932861328,145.17999267578125,145.80999755859375,64786600
2021-08-04,144.15493774414062,146.9499969482422,147.7899932861328,146.27999877929688,147.27000427246094,56368300
2021-08-05,144.2628631591797,147.05999755859375,147.83999633789062,146.1699981689453,146.97999572753906,46397700
2021-08-06,143.57518005371094,146.13999938964844,147.11000061035156,145.6300048828125,146.35000610351562,54126800
2021-08-09,143.5260009765625,146.08999633789062,146.6999969482422,145.52000427246094,146.1999969482422,48908700
2021-08-10,143.0446319580078,145.60000610351562,147.7100067138672,145.3000030517578,146.44000244140625,69023100
2021-08-11,143.30006408691406,145.86000061035156,146.72000122070312,145.52999877929688,146.0500030517578,48493500
2021-08-12,146.2769317626953,148.88999938964844,149.0500030517578,145.83999633789062,146.19000244140625,72282600
2021-08-13,146.48321533203125,149.10000610351562,149.44000244140625,148.27000427246094,148.97000122070312,59375000
2021-08-16,148.46774291992188,151.1199951171875,151.19000244140625,146.47000122070312,148.5399932861328,103296000
2021-08-17,147.5540771484375,150.19000244140625,151.67999267578125,149.08999633789062,150.22999572753906,92229700
2021-08-18,143.7913055419922,146.36000061035156,150.72000122070312,146.14999389648438,149.8000030517578,86326000
2021-08-19,144.12533569335938,146.6999969482422,148.0,144.5,145.02999877929688,86960300
2021-08-20,145.5891571044922,148.19000244140625,148.5,146.77999877929688,147.44000244140625,60549600
2021-08-23,147.08250427246094,149.7100067138672,150.19000244140625,147.88999938964844,148.30999755859375,60131800
2021-08-24,146.9940643310547,149.6199951171875,150.86000061035156,149.14999389648438,149.4499969482422,48606400
2021-08-25,145.7561798095703,148.36000061035156,150.32000732421875,147.8000030517578,149.80999755859375,58991300
2021-08-26,144.95059204101562,147.5399932861328,149.1199951171875,147.50999450683594,148.35000610351562,48597200
2021-08-27,145.99200439453125,148.60000610351562,148.75,146.8300018310547,147.47999572753906,55802400
2021-08-30,150.43267822265625,153.1199951171875,153.49000549316406,148.61000061035156,149.0,90956700
2021-08-31,149.165283203125,151.8300018310547,152.8000030517578,151.2899932861328,152.66000366210938,86453100
2021-09-01,149.83331298828125,152.50999450683594,154.97999572753906,152.33999633789062,152.8300018310547,80313700
2021-09-02,150.953369140625,153.64999389648438,154.72000122070312,152.39999389648438,153.8699951171875,71115500
2021-09-03,151.59197998046875,154.3000030517578,154.6300048828125,153.08999633789062,153.75999450683594,57808700
2021-09-07,153.94003295898438,156.69000244140625,157.25999450683594,154.38999938964844,154.97000122070312,82278300
2021-09-08,152.38772583007812,155.11000061035156,157.0399932861328,153.97999572753906,156.97999572753906,74420200
2021-09-09,151.36599731445312,154.07000732421875,156.11000061035156,153.9499969482422,155.49000549316406,57305700
2021-09-10,146.35549926757812,148.97000122070312,155.47999572753906,148.6999969482422,155.0,140893200
2021-09-13,146.92529296875,149.5500030517578,151.4199981689453,148.75,150.6300048828125,102404300
2021-09-14,145.52041625976562,148.1199951171875,151.07000732421875,146.91000366210938,150.35000610351562,109296300
2021-09-15,146.4144287109375,149.02999877929688,149.44000244140625,146.3699951171875,148.55999755859375,83281300
2021-09-16,146.1786346435547,148.7899932861328,148.97000122070312,147.22000122070312,148.44000244140625,68034100
2021-09-17,143.49655151367188,146.05999755859375,148.82000732421875,145.75999450683594,148.82000732421875,129868800
2021-09-20,140.43133544921875,142.94000244140625,144.83999633789062,141.27000427246094,143.8000030517578,123478900
2021-09-21,140.91270446777344,143.42999267578125,144.60000610351562,142.77999877929688,143.92999267578125,75834000
2021-09-22,143.29022216796875,145.85000610351562,146.42999267578125,143.6999969482422,144.4499969482422,76404300
2021-09-23,144.25303649902344,146.8300018310547,147.0800018310547,145.63999938964844,146.64999389648438,64838200
2021-09-24,144.3414764404297,146.9199981689453,147.47000122070312,145.55999755859375,145.66000366210938,53477900
2021-09-27,142.81866455078125,145.3699951171875,145.9600067138672,143.82000732421875,145.47000122070312,74150700
2021-09-28,139.41940307617188,141.91000366210938,144.75,141.69000244140625,143.25,108972300
2021-09-29,140.32325744628906,142.8300018310547,144.4499969482422,142.02999877929688,142.47000122070312,74602000
2021-09-30,139.01658630371094,141.5,144.3800048828125,141.27999877929688,143.66000366210938,89056700
2021-10-01,140.14642333984375,142.64999389648438,142.9199981689453,139.11000061035156,141.89999389648438,94639600
2021-10-04,136.69802856445312,139.13999938964844,142.2100067138672,138.27000427246094,141.75999450683594,98322000
2021-10-05,138.6334228515625,141.11000061035156,142.24000549316406,139.36000061035156,139.49000549316406,80861100
2021-10-06,139.50782775878906,142.0,142.14999389648438,138.3699951171875,139.47000122070312,83221100
2021-10-07,140.77516174316406,143.2899932861328,144.22000122070312,142.72000122070312,143.05999755859375,61732700
2021-10-08,140.39202880859375,142.89999389648438,144.17999267578125,142.55999755859375,144.02999877929688,58773200
2021-10-11,140.30357360839844,142.80999755859375,144.80999755859375,141.80999755859375,142.27000427246094,64452200
2021-10-12,139.0264129638672,141.50999450683594,143.25,141.0399932861328,143.22999572753906,73035900
2021-10-13,138.43692016601562,140.91000366210938,141.39999389648438,139.1999969482422,141.24000549316406,78762700
2021-10-14,141.23692321777344,143.75999450683594,143.8800048828125,141.50999450683594,142.11000061035156,69907100
2021-10-15,142.29798889160156,144.83999633789062,144.89999389648438,143.50999450683594,143.77000427246094,67940300
2021-10-18,143.97796630859375,146.5500030517578,146.83999633789062,143.16000366210938,143.4499969482422,85589200
2021-10-19,146.14913940429688,148.75999450683594,149.1699981689453,146.5500030517578,147.00999450683594,76378900
2021-10-20,146.640380859375,149.25999450683594,149.75,148.1199951171875,148.6999969482422,58418800
2021-10-21,146.8565216064453,149.47999572753906,149.63999938964844,147.8699951171875,148.80999755859375,61421000
2021-10-22,146.08038330078125,148.69000244140625,150.17999267578125,148.63999938964844,149.69000244140625,58883400
2021-10-25,146.03128051757812,148.63999938964844,149.3699951171875,147.6199951171875,148.67999267578125,50720600
2021-10-26,146.69935607910156,149.32000732421875,150.83999633789062,149.00999450683594,149.3300018310547,60893400
2021-10-27,146.23757934570312,148.85000610351562,149.72999572753906,148.49000549316406,149.36000061035156,56094900
2021-10-28,149.89230346679688,152.57000732421875,153.1699981689453,149.72000122070312,149.82000732421875,100077900
2021-10-29,147.17091369628906,149.8000030517578,149.94000244140625,146.41000366210938,147.22000122070312,124953200
2021-11-01,146.34567260742188,148.9600067138672,149.6999969482422,147.8000030517578,148.99000549316406,74588300
2021-11-02,147.3870849609375,150.02000427246094,151.57000732421875,148.64999389648438,148.66000366210938,69122000
2021-11-03,148.83128356933594,151.49000549316406,151.97000122070312,149.82000732421875,150.38999938964844,54511500
2021-11-04,148.31056213378906,150.9600067138672,152.42999267578125,150.63999938964844,151.5800018310547,60394600
2021-11-05,148.8418731689453,151.27999877929688,152.1999969482422,150.05999755859375,151.88999938964844,65463900
2021-11-08,148.015380859375,150.44000244140625,151.57000732421875,150.16000366210938,151.41000366210938,55020900
2021-11-09,148.3794708251953,150.80999755859375,151.42999267578125,150.05999755859375,150.1999969482422,56787900
2021-11-10,145.53599548339844,147.9199981689453,150.1300048828125,147.85000610351562,150.02000427246094,65187100
2021-11-11,145.48680114746094,147.8699951171875,149.42999267578125,147.67999267578125,148.9600067138672,41000000
2021-11-12,147.57266235351562,149.99000549316406,150.39999389648438,147.47999572753906,148.42999267578125,63804000
2021-11-15,147.58248901367188,150.0,151.8800048828125,149.42999267578125,150.3699951171875,59222800
2021-11-16,148.56637573242188,151.0,151.49000549316406,149.33999633789062,149.94000244140625,59256200
2021-11-17,151.01625061035156,153.49000549316406,155.0,150.99000549316406,151.0,88807000
2021-11-18,155.3256378173828,157.8699951171875,158.6699981689453,153.0500030517578,153.7100067138672,137827700
2021-11-19,157.96246337890625,160.5500030517578,161.02000427246094,156.52999877929688,157.64999389648438,117305600
2021-11-22,158.42486572265625,161.02000427246094,165.6999969482422,161.0,161.67999267578125,117467900
2021-11-23,158.80856323242188,161.41000366210938,161.8000030517578,159.05999755859375,161.1199951171875,96041900
2021-11-24,159.33006286621094,161.94000244140625,162.13999938964844,159.63999938964844,160.75,69463600
2021-11-26,154.28271484375,156.80999755859375,160.4499969482422,156.36000061035156,159.57000732421875,76959800
2021-11-29,157.65745544433594,160.24000549316406,161.19000244140625,158.7899932861328,159.3699951171875,88748200
2021-11-30,162.6359100341797,165.3000030517578,165.52000427246094,159.9199981689453,159.99000549316406,174048100
2021-12-01,162.1144256591797,164.77000427246094,170.3000030517578,164.52999877929688,167.47999572753906,152052500
2021-12-02,161.1207275390625,163.75999450683594,164.1999969482422,157.8000030517578,158.74000549316406,136739200
2021-12-03,159.23165893554688,161.83999633789062,164.9600067138672,159.72000122070312,164.02000427246094,118023100
2021-12-06,162.6555938720703,165.32000732421875,167.8800048828125,164.27999877929688,164.2899932861328,107497000
2021-12-07,168.42112731933594,171.17999267578125,171.5800018310547,168.33999633789062,169.0800018310547,120405400
2021-12-08,172.25827026367188,175.0800018310547,175.9600067138672,170.6999969482422,172.1300048828125,116998900
2021-12-09,171.7466583251953,174.55999755859375,176.75,173.9199981689453,174.91000366210938,108923700
2021-12-10,176.55783081054688,179.4499969482422,179.6300048828125,174.69000244140625,175.2100067138672,115402700
2021-12-13,172.90765380859375,175.74000549316406,182.1300048828125,175.52999877929688,181.1199951171875,153237000
2021-12-14,171.52037048339844,174.3300018310547,177.74000549316406,172.2100067138672,175.25,139380400
2021-12-15,176.41026306152344,179.3000030517578,179.5,172.30999755859375,175.11000061035156,131063300
2021-12-16,169.48373413085938,172.25999450683594,181.13999938964844,170.75,179.27999877929688,150185800
2021-12-17,168.3817901611328,171.13999938964844,173.47000122070312,169.69000244140625,169.92999267578125,195432700
2021-12-20,167.01417541503906,169.75,170.5800018310547,167.4600067138672,168.27999877929688,107499100
2021-12-21,170.20199584960938,172.99000549316406,173.1999969482422,169.1199951171875,171.55999755859375,91185900
2021-12-22,172.80926513671875,175.63999938964844,175.86000061035156,172.14999389648438,173.0399932861328,92135300
2021-12-23,173.4389190673828,176.27999877929688,176.85000610351562,175.27000427246094,175.85000610351562,68356600
2021-12-27,177.42364501953125,180.3300018310547,180.4199981689453,177.07000732421875,177.08999633789062,74919600
2021-12-28,176.40042114257812,179.2899932861328,181.3300018310547,178.52999877929688,180.16000366210938,79144300
2021-12-29,176.48898315429688,179.3800048828125,180.6300048828125,178.13999938964844,179.3300018310547,62348900
2021-12-30,175.3280029296875,178.1999969482422,180.57000732421875,178.08999633789062,179.47000122070312,59773000
2021-12-31,174.70816040039062,177.57000732421875,179.22999572753906,177.25999450683594,178.08999633789062,64062300
2022-01-03,179.07656860351562,182.00999450683594,182.8800048828125,177.7100067138672,177.8300018310547,104487900
2022-01-04,176.8037872314453,179.6999969482422,182.94000244140625,179.1199951171875,182.6300048828125,99310400
2022-01-05,172.10089111328125,174.9199981689453,180.1699981689453,174.63999938964844,179.61000061035156,94537600
2022-01-06,169.2279052734375,172.0,175.3000030517578,171.63999938964844,172.6999969482422,96904000
2022-01-07,169.39517211914062,172.1699981689453,174.13999938964844,171.02999877929688,172.88999938964844,86709100
2022-01-10,169.41485595703125,172.19000244140625,172.5,168.1699981689453,169.0800018310547,106765600
2022-01-11,172.25827026367188,175.0800018310547,175.17999267578125,170.82000732421875,172.32000732421875,76138300
2022-01-12,172.70103454589844,175.52999877929688,177.17999267578125,174.82000732421875,176.1199951171875,74805200
2022-01-13,169.41485595703125,172.19000244140625,176.6199951171875,171.7899932861328,175.77999877929688,84505800
2022-01-14,170.2806854248047,173.07000732421875,173.77999877929688,171.08999633789062,171.33999633789062,80440800
2022-01-18,167.06338500976562,169.8000030517578,172.5399932861328,169.41000366210938,171.50999450683594,90956700
2022-01-19,163.5509033203125,166.22999572753906,171.0800018310547,165.94000244140625,170.0,94815000
2022-01-20,161.85862731933594,164.50999450683594,169.67999267578125,164.17999267578125,166.97999572753906,91420500
2022-01-21,159.79249572753906,162.41000366210938,166.3300018310547,162.3000030517578,164.4199981689453,122848900
2022-01-24,159.01522827148438,161.6199951171875,162.3000030517578,154.6999969482422,160.02000427246094,162294600
2022-01-25,157.2048797607422,159.77999877929688,162.75999450683594,157.02000427246094,158.97999572753906,115798400
2022-01-26,157.1163330078125,159.69000244140625,164.38999938964844,157.82000732421875,163.5,108275300
2022-01-27,156.65386962890625,159.22000122070312,163.83999633789062,158.27999877929688,162.4499969482422,121954600
2022-01-28,167.58482360839844,170.3300018310547,170.35000610351562,162.8000030517578,165.7100067138672,179935700
2022-01-31,171.96311950683594,174.77999877929688,175.0,169.50999450683594,170.16000366210938,115541600
2022-02-01,171.7958526611328,174.61000061035156,174.83999633789062,172.30999755859375,174.00999450683594,86213900
2022-02-02,173.0060272216797,175.83999633789062,175.8800048828125,173.3300018310547,174.75,84914300
2022-02-03,170.11341857910156,172.89999389648438,176.24000549316406,172.1199951171875,174.47999572753906,89418100
2022-02-04,169.8277130126953,172.38999938964844,174.10000610351562,170.67999267578125,171.67999267578125,82465400
2022-02-07,169.1085662841797,171.66000366210938,173.9499969482422,170.9499969482422,172.86000061035156,77251200
2022-02-08,172.2314910888672,174.8300018310547,175.35000610351562,171.42999267578125,171.72999572753906,74829200
2022-02-09,173.65989685058594,176.27999877929688,176.64999389648438,174.89999389648438,176.0500030517578,71285000
2022-02-10,169.56175231933594,172.1199951171875,175.47999572753906,171.5500030517578,174.13999938964844,90865900
2022-02-11,166.13343811035156,168.63999938964844,173.0800018310547,168.0399932861328,172.3300018310547,98670700
2022-02-14,166.36988830566406,168.8800048828125,169.5800018310547,166.55999755859375,167.3699951171875,86185500
2022-02-15,170.22177124023438,172.7899932861328,172.9499969482422,170.25,170.97000122070312,62527400
2022-02-16,169.9853515625,172.5500030517578,173.33999633789062,170.0500030517578,171.85000610351562,61177400
2022-02-17,166.36988830566406,168.8800048828125,171.91000366210938,168.47000122070312,171.02999877929688,69589300
2022-02-18,164.8134002685547,167.3000030517578,170.5399932861328,166.19000244140625,169.82000732421875,82772700
2022-02-22,161.877685546875,164.32000732421875,166.69000244140625,162.14999389648438,164.97999572753906,91162800
2022-02-23,157.6908416748047,160.07000732421875,166.14999389648438,159.75,165.5399932861328,90009200
2022-02-24,160.3211669921875,162.74000549316406,162.85000610351562,152.0,152.5800018310547,141147500
2022-02-25,162.39981079101562,164.85000610351562,165.1199951171875,160.8699951171875,163.83999633789062,91974200
2022-02-28,162.66580200195312,165.1199951171875,165.4199981689453,162.42999267578125,163.05999755859375,95056600
2022-03-01,160.77435302734375,163.1999969482422,166.60000610351562,161.97000122070312,164.6999969482422,83474400
2022-03-02,164.08436584472656,166.55999755859375,167.36000061035156,162.9499969482422,164.38999938964844,79724800
2022-03-03,163.75929260253906,166.22999572753906,168.91000366210938,165.5500030517578,168.47000122070312,76678400
2022-03-04,160.74476623535156,163.1699981689453,165.5500030517578,162.10000610351562,164.49000549316406,83737200
2022-03-07,156.9322967529297,159.3000030517578,165.02000427246094,159.0399932861328,163.36000061035156,96418800
2022-03-08,155.09994506835938,157.44000244140625,162.8800048828125,155.8000030517578,158.82000732421875,131148300
2022-03-09,160.5280303955078,162.9499969482422,163.41000366210938,159.41000366210938,161.47999572753906,91454900
2022-03-10,156.1638641357422,158.52000427246094,160.38999938964844,155.97999572753906,160.1999969482422,105342000
2022-03-11,152.43020629882812,154.72999572753906,159.27999877929688,154.5,158.92999267578125,96970100
2022-03-14,148.3813018798828,150.6199951171875,154.1199951171875,150.10000610351562,151.4499969482422,108732100
2022-03-15,152.7848663330078,155.08999633789062,155.57000732421875,150.3800048828125,150.89999389648438,92964300
2022-03-16,157.21798706054688,159.58999633789062,160.0,154.4600067138672,157.0500030517578,102300200
2022-03-17,158.23263549804688,160.6199951171875,161.0,157.6300048828125,158.61000061035156,75615400
2022-03-18,161.542724609375,163.97999572753906,164.47999572753906,159.75999450683594,160.50999450683594,123511700
2022-03-21,162.9219207763672,165.3800048828125,166.35000610351562,163.00999450683594,163.50999450683594,95811400
2022-03-22,166.31082153320312,168.82000732421875,169.4199981689453,164.91000366210938,165.50999450683594,81532000
2022-03-23,167.6801300048828,170.2100067138672,172.63999938964844,167.64999389648438,167.99000549316406,98062700
2022-03-24,171.48275756835938,174.07000732421875,174.13999938964844,170.2100067138672,171.05999755859375,90131400
2022-03-25,172.12310791015625,174.72000122070312,175.27999877929688,172.75,173.8800048828125,80546200
2022-03-28,172.9900360107422,175.60000610351562,175.72999572753906,172.0,172.1699981689453,90371900
2022-03-29,176.30006408691406,178.9600067138672,179.00999450683594,176.33999633789062,176.69000244140625,100589400
2022-03-30,175.1277618408203,177.77000427246094,179.61000061035156,176.6999969482422,178.5500030517578,92633200
2022-03-31,172.01475524902344,174.61000061035156,178.02999877929688,174.39999389648438,177.83999633789062,103049300
2022-04-01,171.71920776367188,174.30999755859375,174.8800048828125,171.94000244140625,174.02999877929688,78751300
2022-04-04,175.78782653808594,178.44000244140625,178.49000549316406,174.44000244140625,174.57000732421875,76468400
2022-04-05,172.45803833007812,175.05999755859375,178.3000030517578,174.4199981689453,177.5,73401800
2022-04-06,169.2760467529297,171.8300018310547,173.6300048828125,170.1300048828125,172.36000061035156,89058800
2022-04-07,169.58143615722656,172.13999938964844,173.36000061035156,169.85000610351562,171.16000366210938,77594700
2022-04-08,167.56190490722656,170.08999633789062,171.77999877929688,169.1999969482422,171.77999877929688,76575500
2022-04-11,163.2864227294922,165.75,169.02999877929688,165.5,168.7100067138672,72246700
2022-04-12,165.1680145263672,167.66000366210938,169.8699951171875,166.63999938964844,168.02000427246094,79265200
2022-04-13,167.86727905273438,170.39999389648438,171.0399932861328,166.77000427246094,167.38999938964844,70618900
2022-04-14,162.83326721191406,165.2899932861328,171.27000427246094,165.0399932861328,170.6199951171875,75329400
2022-04-18,162.6165313720703,165.07000732421875,166.60000610351562,163.57000732421875,163.9199981689453,69023900
2022-04-19,164.91189575195312,167.39999389648438,167.82000732421875,163.91000366210938,165.02000427246094,67723800
2022-04-20,164.7444305419922,167.22999572753906,168.8800048828125,166.10000610351562,168.75999450683594,67929800
2022-04-21,163.94647216796875,166.4199981689453,171.52999877929688,165.91000366210938,168.91000366210938,87227800
2022-04-22,159.38531494140625,161.7899932861328,167.8699951171875,161.5,166.4600067138672,84882400
2022-04-25,160.45909118652344,162.8800048828125,163.1699981689453,158.4600067138672,161.1199951171875,96046400
2022-04-26,154.46945190429688,156.8000030517578,162.33999633789062,156.72000122070312,162.25,95623200
2022-04-27,154.24285888671875,156.57000732421875,159.7899932861328,155.3800048828125,155.91000366210938,88063200
2022-04-28,161.20777893066406,163.63999938964844,164.52000427246094,158.92999267578125,159.25,130216800
2022-04-29,155.30679321289062,157.64999389648438,166.1999969482422,157.25,161.83999633789062,131747600
2022-05-02,155.61221313476562,157.9600067138672,158.22999572753906,153.27000427246094,156.7100067138672,123055300
2022-05-03,157.10958862304688,159.47999572753906,160.7100067138672,156.32000732421875,158.14999389648438,88966500
2022-05-04,163.55242919921875,166.02000427246094,166.47999572753906,159.25999450683594,159.6699981689453,108256500
2022-05-05,154.43988037109375,156.77000427246094,164.0800018310547,154.9499969482422,163.85000610351562,130525300
2022-05-06,155.1699676513672,157.27999877929688,159.44000244140625,154.17999267578125,156.00999450683594,116124600
2022-05-09,150.02000427246094,152.05999755859375,155.8300018310547,151.49000549316406,154.92999267578125,131577900
2022-05-10,152.43711853027344,154.50999450683594,156.74000549316406,152.92999267578125,155.52000427246094,115366700
2022-05-11,144.5345916748047,146.5,155.4499969482422,145.80999755859375,153.5,142689800
2022-05-12,140.64744567871094,142.55999755859375,146.1999969482422,138.8000030517578,142.77000427246094,182602000
2022-05-13,145.1363983154297,147.11000061035156,148.10000610351562,143.11000061035156,144.58999633789062,113990900
2022-05-16,143.58746337890625,145.5399932861328,147.52000427246094,144.17999267578125,145.5500030517578,86643800
2022-05-17,147.23782348632812,149.24000549316406,149.77000427246094,146.67999267578125,148.86000061035156,78336300
2022-05-18,138.9307861328125,140.82000732421875,147.36000061035156,139.89999389648438,146.85000610351562,109742900
2022-05-19,135.50733947753906,137.35000610351562,141.66000366210938,136.60000610351562,139.8800048828125,136095600
2022-05-20,135.74411010742188,137.58999633789062,140.6999969482422,132.61000061035156,139.08999633789062,137426100
2022-05-23,141.1900634765625,143.11000061035156,143.25999450683594,137.64999389648438,137.7899932861328,117726300
2022-05-24,138.47698974609375,140.36000061035156,141.97000122070312,137.3300018310547,140.80999755859375,104132700
2022-05-25,138.63482666015625,140.52000427246094,141.7899932861328,138.33999633789062,138.42999267578125,92482700
2022-05-26,141.85107421875,143.77999877929688,144.33999633789062,137.13999938964844,137.38999938964844,90601500
2022-05-27,147.63243103027344,149.63999938964844,149.67999267578125,145.25999450683594,145.38999938964844,90978500
2022-05-31,146.84317016601562,148.83999633789062,150.66000366210938,146.83999633789062,149.07000732421875,103718400
2022-06-01,146.7149658203125,148.7100067138672,151.74000549316406,147.67999267578125,149.89999389648438,74286600
2022-06-02,149.18142700195312,151.2100067138672,151.27000427246094,146.86000061035156,147.8300018310547,72348100
2022-06-03,143.42962646484375,145.3800048828125,147.97000122070312,144.4600067138672,146.89999389648438,88570300
2022-06-06,144.179443359375,146.13999938964844,148.57000732421875,144.89999389648438,147.02999877929688,71598400
2022-06-07,146.7149658203125,148.7100067138672,149.0,144.10000610351562,144.35000610351562,67808200
2022-06-08,145.97499084472656,147.9600067138672,149.8699951171875,147.4600067138672,148.5800018310547,53950200
2022-06-09,140.72637939453125,142.63999938964844,147.9499969482422,142.52999877929688,147.0800018310547,69473000
2022-06-10,135.290283203125,137.1300048828125,140.75999450683594,137.05999755859375,140.27999877929688,91437900
2022-06-13,130.11073303222656,131.8800048828125,135.1999969482422,131.44000244140625,132.8699951171875,122207100
2022-06-14,130.9789276123047,132.75999450683594,133.88999938964844,131.47999572753906,133.1300048828125,84784300
2022-06-15,133.6130828857422,135.42999267578125,137.33999633789062,132.16000366210938,134.2899932861328,91533000
2022-06-16,128.3151397705078,130.05999755859375,132.38999938964844,129.0399932861328,132.0800018310547,108123900
2022-06-17,129.79501342773438,131.55999755859375,133.0800018310547,129.80999755859375,130.07000732421875,134520300
2022-06-21,134.0471954345703,135.8699951171875,137.05999755859375,133.32000732421875,133.4199981689453,81000500
2022-06-22,133.5341796875,135.35000610351562,137.75999450683594,133.91000366210938,134.7899932861328,73409200
2022-06-23,136.4149932861328,138.27000427246094,138.58999633789062,135.6300048828125,136.82000732421875,72433800
2022-06-24,139.75953674316406,141.66000366210938,141.91000366210938,139.77000427246094,139.89999389648438,89116800
2022-06-27,139.75953674316406,141.66000366210938,143.49000549316406,140.97000122070312,142.6999969482422,70207900
2022-06-28,135.59613037109375,137.44000244140625,143.4199981689453,137.32000732421875,142.1300048828125,67083400
2022-06-29,137.36212158203125,139.22999572753906,140.6699981689453,136.6699981689453,137.4600067138672,66242400
2022-06-30,134.88577270507812,136.72000122070312,138.3699951171875,133.77000427246094,137.25,98964500
2022-07-01,137.06614685058594,138.92999267578125,139.0399932861328,135.66000366210938,136.0399932861328,71051600
2022-07-05,139.660888671875,141.55999755859375,141.61000061035156,136.92999267578125,137.77000427246094,73353800
2022-07-06,141.00262451171875,142.9199981689453,144.1199951171875,141.0800018310547,141.35000610351562,74064300
2022-07-07,144.3865966796875,146.35000610351562,146.5500030517578,143.27999877929688,143.2899932861328,66253700
2022-07-08,145.0673370361328,147.0399932861328,147.5500030517578,145.0,145.25999450683594,64547800
2022-07-11,142.92648315429688,144.8699951171875,146.63999938964844,143.77999877929688,145.6699981689453,63141600
2022-07-12,143.90316772460938,145.86000061035156,148.4499969482422,145.0500030517578,145.75999450683594,77588800
2022-07-13,143.53814697265625,145.49000549316406,146.4499969482422,142.1199951171875,142.99000549316406,71185600
2022-07-14,146.47817993164062,148.47000122070312,148.9499969482422,143.25,144.0800018310547,78140700
2022-07-15,148.1553497314453,150.1699981689453,150.86000061035156,148.1999969482422,149.77999877929688,76259900
2022-07-18,145.09695434570312,147.07000732421875,151.57000732421875,146.6999969482422,150.74000549316406,81420900
2022-07-19,148.97421264648438,151.0,151.22999572753906,146.91000366210938,147.9199981689453,82982400
2022-07-20,150.98683166503906,153.0399932861328,153.72000122070312,150.3699951171875,151.1199951171875,64823400
2022-07-21,153.265869140625,155.35000610351562,155.57000732421875,151.94000244140625,154.5,65086600
2022-07-22,152.0227508544922,154.08999633789062,156.27999877929688,153.41000366210938,155.38999938964844,66675400
2022-07-25,150.89804077148438,152.9499969482422,155.0399932861328,152.27999877929688,154.00999450683594,53623900
2022-07-26,149.566162109375,151.60000610351562,153.08999633789062,150.8000030517578,152.25999450683594,55138700
2022-07-27,154.68653869628906,156.7899932861328,157.3300018310547,152.16000366210938,152.5800018310547,78620700
2022-07-28,155.23902893066406,157.35000610351562,157.63999938964844,154.41000366210938,156.97999572753906,81378700
2022-07-29,160.32980346679688,162.50999450683594,163.6300048828125,159.5,161.24000549316406,101786900
2022-08-01,159.34320068359375,161.50999450683594,163.58999633789062,160.88999938964844,161.00999450683594,67829400
2022-08-02,157.8633270263672,160.00999450683594,162.41000366210938,159.6300048828125,160.10000610351562,59907000
2022-08-03,163.9012451171875,166.1300048828125,166.58999633789062,160.75,160.83999633789062,82507500
2022-08-04,163.58554077148438,165.80999755859375,167.19000244140625,164.42999267578125,166.00999450683594,55474100
2022-08-05,163.35830688476562,165.35000610351562,165.85000610351562,163.0,163.2100067138672,56697000
2022-08-08,162.8840789794922,164.8699951171875,167.80999755859375,164.1999969482422,166.3699951171875,60276900
2022-08-09,162.9334716796875,164.9199981689453,165.82000732421875,163.25,164.02000427246094,63135500
2022-08-10,167.20143127441406,169.24000549316406,169.33999633789062,166.89999389648438,167.67999267578125,70170500
2022-08-11,166.46046447753906,168.49000549316406,170.99000549316406,168.19000244140625,170.05999755859375,57149200
2022-08-12,170.02700805664062,172.10000610351562,172.1699981689453,169.39999389648438,169.82000732421875,68039400
2022-08-15,171.1038360595703,173.19000244140625,173.38999938964844,171.35000610351562,171.52000427246094,54091700
2022-08-16,170.94580078125,173.02999877929688,173.7100067138672,171.66000366210938,172.77999877929688,56377100
2022-08-17,172.44747924804688,174.5500030517578,176.14999389648438,172.57000732421875,172.77000427246094,79542000
2022-08-18,172.0522918701172,174.14999389648438,174.89999389648438,173.1199951171875,173.75,62290100
2022-08-19,169.45396423339844,171.52000427246094,173.74000549316406,171.30999755859375,173.02999877929688,70346300
2022-08-22,165.5515594482422,167.57000732421875,169.86000061035156,167.13999938964844,169.69000244140625,69026800
2022-08-23,165.2156524658203,167.22999572753906,168.7100067138672,166.64999389648438,167.0800018310547,54147100
2022-08-24,165.51202392578125,167.52999877929688,168.11000061035156,166.25,167.32000732421875,53841500
2022-08-25,167.98193359375,170.02999877929688,170.13999938964844,168.35000610351562,168.77999877929688,51218200
2022-08-26,161.64913940429688,163.6199951171875,171.0500030517578,163.55999755859375,170.57000732421875,78961000
2022-08-29,159.4361114501953,161.3800048828125,162.89999389648438,159.82000732421875,161.14999389648438,73314000
2022-08-30,156.99588012695312,158.91000366210938,162.55999755859375,157.72000122070312,162.1300048828125,77906200
2022-08-31,155.32623291015625,157.22000122070312,160.5800018310547,157.13999938964844,160.30999755859375,87991100
2022-09-01,156.0573272705078,157.9600067138672,158.4199981689453,154.6699981689453,156.63999938964844,74229900
2022-09-02,153.93319702148438,155.80999755859375,160.36000061035156,154.97000122070312,159.75,76957800
2022-09-06,152.66864013671875,154.52999877929688,157.08999633789062,153.69000244140625,156.47000122070312,73714800
2022-09-07,154.08139038085938,155.9600067138672,156.6699981689453,153.61000061035156,154.82000732421875,87449600
2022-09-08,152.5994873046875,154.4600067138672,156.36000061035156,152.67999267578125,154.63999938964844,84923800
2022-09-09,155.4744110107422,157.3699951171875,157.82000732421875,154.75,155.47000122070312,68028800
2022-09-12,161.46142578125,163.42999267578125,164.25999450683594,159.3000030517578,159.58999633789062,104956000
2022-09-13,151.98692321777344,153.83999633789062,160.5399932861328,153.3699951171875,159.89999389648438,122656600
2022-09-14,153.439208984375,155.30999755859375,157.10000610351562,153.61000061035156,154.7899932861328,87965400
2022-09-15,150.53465270996094,152.3699951171875,155.24000549316406,151.3800048828125,154.64999389648438,90481100
2022-09-16,148.88478088378906,150.6999969482422,151.35000610351562,148.3699951171875,151.2100067138672,162278800
2022-09-19,152.61923217773438,154.47999572753906,154.55999755859375,149.10000610351562,149.30999755859375,81474200
2022-09-20,155.01007080078125,156.89999389648438,158.0800018310547,153.0800018310547,153.39999389648438,107689800
2022-09-21,151.86839294433594,153.72000122070312,158.74000549316406,153.60000610351562,157.33999633789062,101696800
2022-09-22,150.9001922607422,152.74000549316406,154.47000122070312,150.91000366210938,152.3800048828125,86652500
2022-09-23,148.6179962158203,150.42999267578125,151.47000122070312,148.55999755859375,151.19000244140625,96029900
2022-09-26,148.9539337158203,150.77000427246094,153.77000427246094,149.63999938964844,149.66000366210938,93339400
2022-09-27,149.93199157714844,151.75999450683594,154.72000122070312,149.9499969482422,152.74000549316406,84442700
2022-09-28,148.03512573242188,149.83999633789062,150.63999938964844,144.83999633789062,147.63999938964844,146691400
2022-09-29,140.76376342773438,142.47999572753906,146.72000122070312,140.67999267578125,146.10000610351562,128138200
2022-09-30,136.5353240966797,138.1999969482422,143.10000610351562,138.0,141.27999877929688,124925300
2022-10-03,140.734130859375,142.4499969482422,143.07000732421875,137.69000244140625,138.2100067138672,114311700
2022-10-04,144.34017944335938,146.10000610351562,146.22000122070312,144.25999450683594,145.02999877929688,87830100
2022-10-05,144.6365509033203,146.39999389648438,147.3800048828125,143.00999450683594,144.07000732421875,79471000
2022-10-06,143.67823791503906,145.42999267578125,147.5399932861328,145.22000122070312,145.80999755859375,68402200
2022-10-07,138.40257263183594,140.08999633789062,143.10000610351562,139.4499969482422,142.5399932861328,85925600
2022-10-10,138.7285919189453,140.4199981689453,141.88999938964844,138.57000732421875,140.4199981689453,74899000
2022-10-11,137.30593872070312,138.97999572753906,141.35000610351562,138.22000122070312,139.89999389648438,77033700
2022-10-12,136.67364501953125,138.33999633789062,140.36000061035156,138.16000366210938,139.1300048828125,70433700
2022-10-13,141.26763916015625,142.99000549316406,143.58999633789062,134.3699951171875,134.99000549316406,113224000
2022-10-14,136.71316528320312,138.3800048828125,144.52000427246094,138.19000244140625,144.30999755859375,88598000
2022-10-17,140.69461059570312,142.41000366210938,142.89999389648438,140.27000427246094,141.07000732421875,85250900
2022-10-18,142.01846313476562,143.75,146.6999969482422,140.61000061035156,145.49000549316406,99136600
2022-10-19,142.12716674804688,143.86000061035156,144.9499969482422,141.5,141.69000244140625,61758300
2022-10-20,141.66282653808594,143.38999938964844,145.88999938964844,142.64999389648438,143.02000427246094,64522000
2022-10-21,145.49609375,147.27000427246094,147.85000610351562,142.64999389648438,142.8699951171875,86548600
2022-10-24,147.64981079101562,149.4499969482422,150.22999572753906,146.0,147.19000244140625,75981900
2022-10-25,150.5050048828125,152.33999633789062,152.49000549316406,149.36000061035156,150.08999633789062,74732300
2022-10-26,147.551025390625,149.35000610351562,151.99000549316406,148.0399932861328,150.9600067138672,88194300
2022-10-27,143.05584716796875,144.8000030517578,149.0500030517578,144.1300048828125,148.07000732421875,109180200
2022-10-28,153.8640594482422,155.74000549316406,157.5,147.82000732421875,148.1999969482422,164762400
2022-10-31,151.4929656982422,153.33999633789062,154.24000549316406,151.9199981689453,153.16000366210938,97943200
2022-11-01,148.8353729248047,150.64999389648438,155.4499969482422,149.1300048828125,155.0800018310547,80379300
2022-11-02,143.28306579589844,145.02999877929688,152.1699981689453,145.0,148.9499969482422,93604600
2022-11-03,137.2071533203125,138.8800048828125,142.8000030517578,138.75,142.05999755859375,97918500
2022-11-04,136.93994140625,138.3800048828125,142.6699981689453,134.3800048828125,142.08999633789062,140814800
2022-11-07,137.4743194580078,138.9199981689453,139.14999389648438,135.6699981689453,137.11000061035156,83374600
2022-11-08,138.0482940673828,139.5,141.42999267578125,137.49000549316406,140.41000366210938,89908500
2022-11-09,133.46646118164062,134.8699951171875,138.5500030517578,134.58999633789062,138.5,74917800
2022-11-10,145.3415985107422,146.8699951171875,146.8699951171875,139.5,141.24000549316406,118854000
2022-11-11,148.1421356201172,149.6999969482422,150.00999450683594,144.3699951171875,145.82000732421875,93979700
2022-11-14,146.7369384765625,148.27999877929688,150.27999877929688,147.42999267578125,148.97000122070312,73374100
2022-11-15,148.4785919189453,150.0399932861328,153.58999633789062,148.55999755859375,152.22000122070312,89868300
2022-11-16,147.2416229248047,148.7899932861328,149.8699951171875,147.2899932861328,149.1300048828125,64218300
2022-11-17,149.15155029296875,150.72000122070312,151.47999572753906,146.14999389648438,146.42999267578125,80389400
2022-11-18,149.71560668945312,151.2899932861328,152.6999969482422,149.97000122070312,152.30999755859375,74829600
2022-11-21,146.46974182128906,148.00999450683594,150.3699951171875,147.72000122070312,150.16000366210938,58724100
2022-11-22,148.61712646484375,150.17999267578125,150.4199981689453,146.92999267578125,148.1300048828125,51804100
2022-11-23,149.49790954589844,151.07000732421875,151.8300018310547,149.33999633789062,149.4499969482422,58301400
2022-11-25,146.56869506835938,148.11000061035156,148.8800048828125,147.1199951171875,148.30999755859375,35195900
2022-11-28,142.71917724609375,144.22000122070312,146.63999938964844,143.3800048828125,145.13999938964844,69246000
2022-11-29,139.700927734375,141.1699981689453,144.80999755859375,140.35000610351562,144.2899932861328,83763800
2022-11-30,146.48953247070312,148.02999877929688,148.72000122070312,140.5500030517578,141.39999389648438,111380900
2022-12-01,146.76658630371094,148.30999755859375,149.1300048828125,146.61000061035156,148.2100067138672,71250400
2022-12-02,146.2718048095703,147.80999755859375,148.0,145.64999389648438,145.9600067138672,65447400
2022-12-05,145.10409545898438,146.6300048828125,150.9199981689453,145.77000427246094,147.77000427246094,68826400
2022-12-06,141.42282104492188,142.91000366210938,147.3000030517578,141.9199981689453,147.07000732421875,64727200
2022-12-07,139.4733123779297,140.94000244140625,143.3699951171875,140.0,142.19000244140625,69721100
2022-12-08,141.16551208496094,142.64999389648438,143.52000427246094,141.10000610351562,142.36000061035156,62128300
2022-12-09,140.6806182861328,142.16000366210938,145.57000732421875,140.89999389648438,142.33999633789062,76097000
2022-12-12,142.9863739013672,144.49000549316406,144.5,141.05999755859375,142.6999969482422,70462700
2022-12-13,143.9561767578125,145.47000122070312,149.97000122070312,144.24000549316406,149.5,93886200
2022-12-14,141.71969604492188,143.2100067138672,146.66000366210938,141.16000366210938,145.35000610351562,82291200
2022-12-15,135.07952880859375,136.5,141.8000030517578,136.02999877929688,141.11000061035156,98931900
2022-12-16,133.11021423339844,134.50999450683594,137.64999389648438,133.72999572753906,136.69000244140625,160156900
2022-12-19,130.99249267578125,132.3699951171875,135.1999969482422,131.32000732421875,135.11000061035156,79592600
2022-12-20,130.9232177734375,132.3000030517578,133.25,129.88999938964844,131.38999938964844,77432800
2022-12-21,134.04043579101562,135.4499969482422,136.80999755859375,132.75,132.97999572753906,85928000
2022-12-22,130.8539581298828,132.22999572753906,134.55999755859375,130.3000030517578,134.35000610351562,77852100
2022-12-23,130.48780822753906,131.86000061035156,132.4199981689453,129.63999938964844,130.9199981689453,63814900
2022-12-27,128.67684936523438,130.02999877929688,131.41000366210938,128.72000122070312,131.3800048828125,69007800
2022-12-28,124.72837829589844,126.04000091552734,131.02999877929688,125.87000274658203,129.6699981689453,85438400
2022-12-29,128.26123046875,129.61000061035156,130.47999572753906,127.7300033569336,127.98999786376953,75703700
2022-12-30,128.577880859375,129.92999267578125,129.9499969482422,127.43000030517578,128.41000366210938,77034200
2023-01-03,123.7684555053711,125.06999969482422,130.89999389648438,124.16999816894531,130.27999877929688,112117500
2023-01-04,125.0450439453125,126.36000061035156,128.66000366210938,125.08000183105469,126.88999938964844,89113600
2023-01-05,123.71896362304688,125.0199966430664,127.7699966430664,124.76000213623047,127.12999725341797,80962700
2023-01-06,128.2711181640625,129.6199951171875,130.2899932861328,124.88999938964844,126.01000213623047,87754700
2023-01-09,128.79559326171875,130.14999389648438,133.41000366210938,129.88999938964844,130.47000122070312,70790800
2023-01-10,129.36956787109375,130.72999572753906,131.25999450683594,128.1199951171875,130.25999450683594,63896200
2023-01-11,132.100830078125,133.49000549316406,133.50999450683594,130.4600067138672,131.25,69458900
2023-01-12,132.0216522216797,133.41000366210938,134.25999450683594,131.44000244140625,133.8800048828125,71379600
2023-01-13,133.35763549804688,134.75999450683594,134.9199981689453,131.66000366210938,132.02999877929688,57809700
2023-01-17,134.52532958984375,135.94000244140625,137.2899932861328,134.1300048828125,134.8300018310547,63646600
2023-01-18,133.80294799804688,135.2100067138672,138.61000061035156,135.02999877929688,136.82000732421875,69672800
2023-01-19,133.86231994628906,135.27000427246094,136.25,133.77000427246094,134.0800018310547,58280400
2023-01-20,136.43524169921875,137.8699951171875,138.02000427246094,134.22000122070312,135.27999877929688,80223600
2023-01-23,139.64154052734375,141.11000061035156,143.32000732421875,137.89999389648438,138.1199951171875,81760300
2023-01-24,141.04676818847656,142.52999877929688,143.16000366210938,140.3000030517578,140.30999755859375,66435100
2023-01-25,140.38372802734375,141.86000061035156,142.42999267578125,138.80999755859375,140.88999938964844,65799300
2023-01-26,142.46188354492188,143.9600067138672,144.25,141.89999389648438,143.1699981689453,54105100
2023-01-27,144.41136169433594,145.92999267578125,147.22999572753906,143.0800018310547,143.16000366210938,70555800
2023-01-30,141.51187133789062,143.0,145.5500030517578,142.85000610351562,144.9600067138672,64015300
2023-01-31,142.78843688964844,144.2899932861328,144.33999633789062,142.27999877929688,142.6999969482422,65874500
2023-02-01,143.9165802001953,145.42999267578125,146.61000061035156,141.32000732421875,143.97000122070312,77663600
2023-02-02,149.25050354003906,150.82000732421875,151.17999267578125,148.1699981689453,148.89999389648438,118339000
2023-02-03,152.89219665527344,154.5,157.3800048828125,147.8300018310547,148.02999877929688,154357300
2023-02-06,150.15101623535156,151.72999572753906,153.10000610351562,150.77999877929688,152.57000732421875,69858300
2023-02-07,153.04063415527344,154.64999389648438,155.22999572753906,150.63999938964844,150.63999938964844,83322600
2023-02-08,150.33905029296875,151.9199981689453,154.5800018310547,151.1699981689453,153.8800048828125,64120100
2023-02-09,149.29995727539062,150.8699951171875,154.3300018310547,150.4199981689453,153.77999877929688,56007100
2023-02-10,149.6667022705078,151.00999450683594,151.33999633789062,149.22000122070312,149.4600067138672,57450700
2023-02-13,152.48143005371094,153.85000610351562,154.25999450683594,150.9199981689453,150.9499969482422,62199000
2023-02-14,151.83718872070312,153.1999969482422,153.77000427246094,150.86000061035156,152.1199951171875,61707600
2023-02-15,153.94827270507812,155.3300018310547,155.5,152.8800048828125,153.11000061035156,65573800
2023-02-16,152.34266662597656,153.7100067138672,156.3300018310547,153.35000610351562,153.50999450683594,68167900
2023-02-17,151.19300842285156,152.5500030517578,153.0,150.85000610351562,152.35000610351562,59144100
2023-02-21,147.1591796875,148.47999572753906,151.3000030517578,148.41000366210938,150.1999969482422,58867200
2023-02-22,147.5853729248047,148.91000366210938,149.9499969482422,147.16000366210938,148.8699951171875,51011300
2023-02-23,148.07101440429688,149.39999389648438,150.33999633789062,147.24000549316406,150.08999633789062,48394200
2023-02-24,145.40493774414062,146.7100067138672,147.19000244140625,145.72000122070312,147.11000061035156,55469600
2023-02-27,146.6041717529297,147.9199981689453,149.1699981689453,147.4499969482422,147.7100067138672,44998500
2023-02-28,146.09872436523438,147.41000366210938,149.0800018310547,146.8300018310547,147.0500030517578,50547000
2023-03-01,144.0173797607422,145.30999755859375,147.22999572753906,145.00999450683594,146.8300018310547,55479000
2023-03-02,144.61204528808594,145.91000366210938,146.7100067138672,143.89999389648438,144.3800048828125,52238100
2023-03-03,149.68649291992188,151.02999877929688,151.11000061035156,147.3300018310547,148.0399932861328,70732300
2023-03-06,152.4615936279297,153.8300018310547,156.3000030517578,153.4600067138672,153.7899932861328,87558000
2023-03-07,150.2514190673828,151.60000610351562,154.02999877929688,151.1300048828125,153.6999969482422,56182000
2023-03-08,151.51014709472656,152.8699951171875,153.47000122070312,151.8300018310547,152.80999755859375,47204800
2023-03-09,149.25042724609375,150.58999633789062,154.5399932861328,150.22999572753906,153.55999755859375,53833600
2023-03-10,147.1790313720703,148.5,150.94000244140625,147.61000061035156,150.2100067138672,68572400
2023-03-13,149.13148498535156,150.47000122070312,153.13999938964844,147.6999969482422,147.80999755859375,84457100
2023-03-14,151.23265075683594,152.58999633789062,153.39999389648438,150.10000610351562,151.27999877929688,73695900
2023-03-15,151.6290740966797,152.99000549316406,153.25,149.9199981689453,151.19000244140625,77167900
2023-03-16,154.463623046875,155.85000610351562,156.4600067138672,151.63999938964844,152.16000366210938,76161100
2023-03-17,153.6211700439453,155.0,156.74000549316406,154.27999877929688,156.0800018310547,98944600
2023-03-20,155.99984741210938,157.39999389648438,157.82000732421875,154.14999389648438,155.07000732421875,73641400
2023-03-21,157.8631134033203,159.27999877929688,159.39999389648438,156.5399932861328,157.32000732421875,73938300
2023-03-22,156.426025390625,157.8300018310547,162.13999938964844,157.80999755859375,159.3000030517578,75701800
2023-03-23,157.51622009277344,158.92999267578125,161.5500030517578,157.67999267578125,158.8300018310547,67622100
2023-03-24,158.82447814941406,160.25,160.33999633789062,157.85000610351562,158.86000061035156,59196500
2023-03-27,156.87200927734375,158.27999877929688,160.77000427246094,157.8699951171875,159.94000244140625,52390300
2023-03-28,156.2476348876953,157.64999389648438,158.49000549316406,155.97999572753906,157.97000122070312,45992200
2023-03-29,159.33987426757812,160.77000427246094,161.0500030517578,159.35000610351562,159.3699951171875,51305700
2023-03-30,160.9157257080078,162.36000061035156,162.47000122070312,161.27000427246094,161.52999877929688,49501700
2023-03-31,163.43310546875,164.89999389648438,165.0,161.91000366210938,162.44000244140625,68749800
2023-04-03,164.6918182373047,166.1699981689453,166.2899932861328,164.22000122070312,164.27000427246094,56976200
2023-04-04,164.15663146972656,165.6300048828125,166.83999633789062,165.11000061035156,166.60000610351562,46278300
2023-04-05,162.30325317382812,163.75999450683594,165.0500030517578,161.8000030517578,164.74000549316406,51511700
2023-04-06,163.1952667236328,164.66000366210938,164.9600067138672,162.0,162.42999267578125,45390100
2023-04-10,160.58863830566406,162.02999877929688,162.02999877929688,160.0800018310547,161.4199981689453,47716900
2023-04-11,159.36961364746094,160.8000030517578,162.36000061035156,160.50999450683594,162.35000610351562,47644200
2023-04-12,158.67584228515625,160.10000610351562,162.05999755859375,159.77999877929688,161.22000122070312,50133100
2023-04-13,164.08724975585938,165.55999755859375,165.8000030517578,161.4199981689453,161.6300048828125,68445600
2023-04-14,163.74038696289062,165.2100067138672,166.32000732421875,163.82000732421875,164.58999633789062,49386500
2023-04-17,163.76019287109375,165.22999572753906,165.38999938964844,164.02999877929688,165.08999633789062,41516200
2023-04-18,164.9891815185547,166.47000122070312,167.41000366210938,165.64999389648438,166.10000610351562,49923000
2023-04-19,166.1388702392578,167.6300048828125,168.16000366210938,165.5399932861328,165.8000030517578,47720200
2023-04-20,165.16754150390625,166.64999389648438,167.8699951171875,165.55999755859375,166.08999633789062,52456400
2023-04-21,163.5520477294922,165.02000427246094,166.4499969482422,164.49000549316406,165.0500030517578,58337300
2023-04-24,163.8592987060547,165.3300018310547,165.60000610351562,163.88999938964844,165.0,41949600
2023-04-25,162.31317138671875,163.77000427246094,166.30999755859375,163.72999572753906,165.19000244140625,48714100
2023-04-26,162.30325317382812,163.75999450683594,165.27999877929688,162.8000030517578,163.05999755859375,45498800
2023-04-27,166.9119110107422,168.41000366210938,168.55999755859375,165.19000244140625,165.19000244140625,64902300
2023-04-28,168.17059326171875,169.67999267578125,169.85000610351562,167.8800048828125,168.49000549316406,55209200
2023-05-01,168.08140563964844,169.58999633789062,170.4499969482422,168.63999938964844,169.27999877929688,52472900
2023-05-02,167.04075622558594,168.5399932861328,170.35000610351562,167.5399932861328,170.08999633789062,48425700
2023-05-03,165.96043395996094,167.4499969482422,170.9199981689453,167.16000366210938,169.5,65136000
2023-05-04,164.315185546875,165.7899932861328,167.0399932861328,164.30999755859375,164.88999938964844,81235400
2023-05-05,172.02598571777344,173.57000732421875,174.3000030517578,170.75999450683594,170.97999572753906,113316400
2023-05-08,171.9566192626953,173.5,173.85000610351562,172.11000061035156,172.47999572753906,55962800
2023-05-09,170.24203491210938,171.77000427246094,173.5399932861328,171.60000610351562,173.0500030517578,45326900
2023-05-10,172.01608276367188,173.55999755859375,174.02999877929688,171.89999389648438,173.02000427246094,53724500
2023-05-11,172.2043914794922,173.75,174.58999633789062,172.1699981689453,173.85000610351562,49514700
2023-05-12,171.27146911621094,172.57000732421875,174.05999755859375,171.0,173.6199951171875,45497800
2023-05-15,170.7752227783203,172.07000732421875,173.2100067138672,171.47000122070312,173.16000366210938,37266700
2023-05-16,170.7752227783203,172.07000732421875,173.13999938964844,171.8000030517578,171.99000549316406,42110300
2023-05-17,171.39056396484375,172.69000244140625,172.92999267578125,170.4199981689453,171.7100067138672,57951600
2023-05-18,173.73281860351562,175.0500030517578,175.24000549316406,172.5800018310547,173.0,65496700
2023-05-19,173.8419647216797,175.16000366210938,176.38999938964844,174.94000244140625,176.38999938964844,55772400
2023-05-22,172.88922119140625,174.1999969482422,174.7100067138672,173.4499969482422,173.97999572753906,43570900
2023-05-23,170.26907348632812,171.55999755859375,173.3800048828125,171.27999877929688,173.1300048828125,50747300
2023-05-24,170.54696655273438,171.83999633789062,172.4199981689453,170.52000427246094,171.08999633789062,45143500
2023-05-25,171.6883087158203,172.99000549316406,173.89999389648438,171.69000244140625,172.41000366210938,56058300
2023-05-26,174.10992431640625,175.42999267578125,175.77000427246094,173.11000061035156,173.32000732421875,54835000
2023-05-30,175.9658660888672,177.3000030517578,178.99000549316406,176.57000732421875,176.9600067138672,55964400
2023-05-31,175.91624450683594,177.25,179.35000610351562,176.75999450683594,177.3300018310547,99625300
2023-06-01,178.73487854003906,180.08999633789062,180.1199951171875,176.92999267578125,177.6999969482422,68901800
2023-06-02,179.58839416503906,180.9499969482422,181.77999877929688,179.25999450683594,181.02999877929688,61945900
2023-06-05,178.2287139892578,179.5800018310547,184.9499969482422,178.0399932861328,182.6300048828125,121946500
2023-06-06,177.86151123046875,179.2100067138672,180.1199951171875,177.42999267578125,179.97000122070312,64848400
2023-06-07,176.4819793701172,177.82000732421875,181.2100067138672,177.32000732421875,178.44000244140625,61944600
2023-06-08,179.2113037109375,180.57000732421875,180.83999633789062,177.4600067138672,177.89999389648438,50214900
2023-06-09,179.59832763671875,180.9600067138672,182.22999572753906,180.6300048828125,181.5,48870700
2023-06-12,182.40704345703125,183.7899932861328,183.88999938964844,180.97000122070312,181.27000427246094,54274900
2023-06-13,181.9306640625,183.30999755859375,184.14999389648438,182.44000244140625,182.8000030517578,54929100
2023-06-14,182.56582641601562,183.9499969482422,184.38999938964844,182.02000427246094,183.3699951171875,57462900
2023-06-15,184.6103515625,186.00999450683594,186.52000427246094,183.77999877929688,183.9600067138672,65433200
2023-06-16,183.52853393554688,184.9199981689453,186.99000549316406,184.27000427246094,186.72999572753906,101235600
2023-06-20,183.61785888671875,185.00999450683594,186.10000610351562,184.41000366210938,184.41000366210938,49799100
2023-06-21,182.5757598876953,183.9600067138672,185.41000366210938,182.58999633789062,184.89999389648438,49515700
2023-06-22,185.5928955078125,187.0,187.0500030517578,183.6699981689453,183.74000549316406,51245300
2023-06-23,185.27529907226562,186.67999267578125,187.55999755859375,185.00999450683594,185.5500030517578,53079300
2023-06-26,183.8759002685547,185.27000427246094,188.0500030517578,185.22999572753906,186.8300018310547,48088700
2023-06-27,186.6448974609375,188.05999755859375,188.38999938964844,185.6699981689453,185.88999938964844,50730800
2023-06-28,187.8259735107422,189.25,189.89999389648438,187.60000610351562,187.92999267578125,51216800
2023-06-29,188.1634063720703,189.58999633789062,190.07000732421875,188.94000244140625,189.0800018310547,46347300
2023-06-30,192.51043701171875,193.97000122070312,194.47999572753906,191.25999450683594,191.6300048828125,85069600
2023-07-03,191.0117950439453,192.4600067138672,193.8800048828125,191.75999450683594,193.77999877929688,31458200
2023-07-05,189.89028930664062,191.3300018310547,192.97999572753906,190.6199951171875,191.57000732421875,46920300
2023-07-06,190.36668395996094,191.80999755859375,192.02000427246094,189.1999969482422,189.83999633789062,45094300
2023-07-07,189.24520874023438,190.67999267578125,192.6699981689453,190.24000549316406,191.41000366210938,46778000
2023-07-10,187.1907958984375,188.61000061035156,189.99000549316406,187.0399932861328,189.25999450683594,59922200
2023-07-11,186.66476440429688,188.0800018310547,189.3000030517578,186.60000610351562,189.16000366210938,46638100
2023-07-12,188.34205627441406,189.77000427246094,191.6999969482422,188.47000122070312,189.67999267578125,60750200
2023-07-13,189.1062469482422,190.5399932861328,191.19000244140625,189.77999877929688,190.5,41342300
2023-07-14,189.25514221191406,190.69000244140625,191.17999267578125,189.6300048828125,190.22999572753906,41573900
2023-07-17,192.53030395507812,193.99000549316406,194.32000732421875,191.80999755859375,191.89999389648438,50520200
2023-07-18,192.27224731445312,193.72999572753906,194.3300018310547,192.4199981689453,193.35000610351562,48353800
2023-07-19,193.63192749023438,195.10000610351562,198.22999572753906,192.64999389648438,193.10000610351562,80507300
2023-07-20,191.67677307128906,193.1300048828125,196.47000122070312,192.5,195.08999633789062,59581200
2023-07-21,190.4957275390625,191.94000244140625,194.97000122070312,191.22999572753906,194.10000610351562,71917800
2023-07-24,191.29959106445312,192.75,194.91000366210938,192.25,193.41000366210938,45377800
2023-07-25,192.1630859375,193.6199951171875,194.44000244140625,192.9199981689453,193.3300018310547,37283200
2023-07-26,193.0364227294922,194.5,195.63999938964844,193.32000732421875,193.6699981689453,47471900
2023-07-27,191.76609802246094,193.22000122070312,197.1999969482422,192.5500030517578,196.02000427246094,47460200
2023-07-28,194.35643005371094,195.8300018310547,196.6300048828125,194.13999938964844,194.6699981689453,48291400
2023-07-31,194.97177124023438,196.4499969482422,196.49000549316406,195.25999450683594,196.05999755859375,38824100
2023-08-01,194.1381072998047,195.61000061035156,196.72999572753906,195.27999877929688,196.24000549316406,35175100
2023-08-02,191.1309051513672,192.5800018310547,195.17999267578125,191.85000610351562,195.0399932861328,50389300
2023-08-03,189.73153686523438,191.1699981689453,192.3699951171875,190.69000244140625,191.57000732421875,61235200
2023-08-04,180.62060546875,181.99000549316406,187.3800048828125,181.9199981689453,185.52000427246094,115799700
2023-08-07,177.50421142578125,178.85000610351562,183.1300048828125,177.35000610351562,182.1300048828125,97576100
2023-08-08,178.44708251953125,179.8000030517578,180.27000427246094,177.5800018310547,179.69000244140625,67823000
2023-08-09,176.84918212890625,178.19000244140625,180.92999267578125,177.00999450683594,180.8699951171875,60378500
2023-08-10,176.63084411621094,177.97000122070312,180.75,177.60000610351562,179.47999572753906,54686900
2023-08-11,176.69046020507812,177.7899932861328,178.6199951171875,176.5500030517578,177.32000732421875,51988100
2023-08-14,178.3501434326172,179.4600067138672,179.69000244140625,177.30999755859375,177.97000122070312,43675600
2023-08-15,176.35256958007812,177.4499969482422,179.47999572753906,177.0500030517578,178.8800048828125,43622600
2023-08-16,175.47801208496094,176.57000732421875,178.5399932861328,176.5,177.1300048828125,46964900
2023-08-17,172.9239044189453,174.0,177.50999450683594,173.47999572753906,177.13999938964844,66062900
2023-08-18,173.410888671875,174.49000549316406,175.10000610351562,171.9600067138672,172.3000030517578,61114200
2023-08-21,174.7525177001953,175.83999633789062,176.1300048828125,173.74000549316406,175.07000732421875,46311900
2023-08-22,176.13392639160156,177.22999572753906,177.67999267578125,176.25,177.05999755859375,42084200
2023-08-23,179.9998779296875,181.1199951171875,181.5500030517578,178.3300018310547,178.52000427246094,52722800
2023-08-24,175.28921508789062,176.3800048828125,181.10000610351562,176.00999450683594,180.6699981689453,54945800
2023-08-25,177.50538635253906,178.61000061035156,179.14999389648438,175.82000732421875,177.3800048828125,51449600
2023-08-28,179.0756378173828,180.19000244140625,180.58999633789062,178.5500030517578,180.08999633789062,43820700
2023-08-29,182.98130798339844,184.1199951171875,184.89999389648438,179.5,179.6999969482422,53003900
2023-08-30,186.48948669433594,187.64999389648438,187.85000610351562,184.74000549316406,184.94000244140625,60813900
2023-08-31,186.7081298828125,187.8699951171875,189.1199951171875,187.47999572753906,187.83999633789062,60794500
2023-09-01,188.2882843017578,189.4600067138672,189.9199981689453,188.27999877929688,189.49000549316406,45732600
2023-09-05,188.5268096923828,189.6999969482422,189.97999572753906,187.61000061035156,188.27999877929688,45280000
2023-09-06,181.77880859375,182.91000366210938,188.85000610351562,181.47000122070312,188.39999389648438,81755800
2023-09-07,176.46188354492188,177.55999755859375,178.2100067138672,173.5399932861328,175.17999267578125,112488800
2023-09-08,177.0780487060547,178.17999267578125,180.24000549316406,177.7899932861328,178.35000610351562,65551300
2023-09-11,178.2507781982422,179.36000061035156,180.3000030517578,177.33999633789062,180.07000732421875,58953100
2023-09-12,175.20968627929688,176.3000030517578,180.1300048828125,174.82000732421875,179.49000549316406,90370200
2023-09-13,173.1326141357422,174.2100067138672,177.3000030517578,173.97999572753906,176.50999450683594,84267900
2023-09-14,174.6531524658203,175.74000549316406,176.10000610351562,173.5800018310547,174.0,60895800
2023-09-15,173.9276580810547,175.00999450683594,176.5,173.82000732421875,176.47999572753906,109205100
2023-09-18,176.86935424804688,177.97000122070312,179.3800048828125,176.1699981689453,176.47999572753906,67257600
2023-09-19,177.9625701904297,179.07000732421875,179.6300048828125,177.1300048828125,177.52000427246094,51826900
2023-09-20,174.4047088623047,175.49000549316406,179.6999969482422,175.39999389648438,179.25999450683594,58436200
2023-09-21,172.8543243408203,173.92999267578125,176.3000030517578,173.86000061035156,174.5500030517578,63047900
2023-09-22,173.70901489257812,174.7899932861328,177.0800018310547,174.0500030517578,174.6699981689453,56725400
2023-09-25,174.9910430908203,176.0800018310547,176.97000122070312,174.14999389648438,174.1999969482422,46172700
2023-09-26,170.8965301513672,171.9600067138672,175.1999969482422,171.66000366210938,174.82000732421875,64588900
2023-09-27,169.37599182128906,170.42999267578125,173.0399932861328,169.0500030517578,172.6199951171875,66921800
2023-09-28,169.63438415527344,170.69000244140625,172.02999877929688,167.6199951171875,169.33999633789062,56294400
2023-09-29,170.1511688232422,171.2100067138672,173.07000732421875,170.33999633789062,172.02000427246094,51814200
2023-10-02,172.67544555664062,173.75,174.3000030517578,170.92999267578125,171.22000122070312,52164500
2023-10-03,171.33380126953125,172.39999389648438,173.6300048828125,170.82000732421875,172.25999450683594,49594600
2023-10-04,172.5860137939453,173.66000366210938,174.2100067138672,170.97000122070312,171.08999633789062,53020300
2023-10-05,173.82826232910156,174.91000366210938,175.4499969482422,172.67999267578125,173.7899932861328,48527900
2023-10-06,176.392333984375,177.49000549316406,177.99000549316406,173.17999267578125,173.8000030517578,57224100
2023-10-09,177.88307189941406,178.99000549316406,179.0500030517578,175.8000030517578,176.80999755859375,42390800
2023-10-10,177.28675842285156,178.38999938964844,179.72000122070312,177.9499969482422,178.10000610351562,43698000
2023-10-11,178.6880340576172,179.8000030517578,179.85000610351562,177.60000610351562,178.1999969482422,47551100
2023-10-12,179.59242248535156,180.7100067138672,182.33999633789062,179.0399932861328,180.07000732421875,56743100
2023-10-13,177.74392700195312,178.85000610351562,181.92999267578125,178.13999938964844,181.4199981689453,51427100
2023-10-16,177.61473083496094,178.72000122070312,179.0800018310547,176.50999450683594,176.75,52517000
2023-10-17,176.05441284179688,177.14999389648438,178.4199981689453,174.8000030517578,176.64999389648438,57549400
2023-10-18,174.7525177001953,175.83999633789062,177.5800018310547,175.11000061035156,175.5800018310547,54764400
2023-10-19,174.37489318847656,175.4600067138672,177.83999633789062,175.19000244140625,176.0399932861328,59302900
2023-10-20,171.81085205078125,172.8800048828125,175.4199981689453,172.63999938964844,175.30999755859375,64189300
2023-10-23,171.93011474609375,173.0,174.00999450683594,169.92999267578125,170.91000366210938,55980100
2023-10-24,172.36737060546875,173.44000244140625,173.6699981689453,171.4499969482422,173.0500030517578,43816600
2023-10-25,170.04185485839844,171.10000610351562,173.05999755859375,170.64999389648438,171.8800048828125,57157000
2023-10-26,165.85789489746094,166.88999938964844,171.3800048828125,165.6699981689453,170.3699951171875,70625300
2023-10-27,167.17967224121094,168.22000122070312,168.9600067138672,166.8300018310547,166.91000366210938,58499100
2023-10-30,169.23683166503906,170.2899932861328,171.1699981689453,168.8699951171875,169.02000427246094,51131000
2023-10-31,169.71388244628906,170.77000427246094,170.89999389648438,167.89999389648438,169.35000610351562,44846000
2023-11-01,172.8940887451172,173.97000122070312,174.22999572753906,170.1199951171875,171.0,56934900
2023-11-02,176.4718475341797,177.57000732421875,177.77999877929688,175.4600067138672,175.52000427246094,77334800
2023-11-03,175.5574951171875,176.64999389648438,176.82000732421875,173.35000610351562,174.24000549316406,79763700
2023-11-06,178.12155151367188,179.22999572753906,179.42999267578125,176.2100067138672,176.3800048828125,63841300
2023-11-07,180.69557189941406,181.82000732421875,182.44000244140625,178.97000122070312,179.17999267578125,70530000
2023-11-08,181.75894165039062,182.88999938964844,183.4499969482422,181.58999633789062,182.35000610351562,49340300
2023-11-09,181.28189086914062,182.41000366210938,184.1199951171875,181.80999755859375,182.9600067138672,53763500
2023-11-10,185.49127197265625,186.39999389648438,186.57000732421875,183.52999877929688,183.97000122070312,66133400
2023-11-13,183.89906311035156,184.8000030517578,186.02999877929688,184.2100067138672,185.82000732421875,43627500
2023-11-14,186.5261993408203,187.44000244140625,188.11000061035156,186.3000030517578,187.6999969482422,60108400
2023-11-15,187.0934295654297,188.00999450683594,189.5,187.77999877929688,187.85000610351562,53790500
2023-11-16,188.78512573242188,189.7100067138672,190.9600067138672,188.64999389648438,189.57000732421875,54412900
2023-11-17,188.76524353027344,189.69000244140625,190.3800048828125,188.57000732421875,190.25,50922700
2023-11-20,190.5166473388672,191.4499969482422,191.91000366210938,189.8800048828125,189.88999938964844,46505100
2023-11-21,189.71060180664062,190.63999938964844,191.52000427246094,189.74000549316406,191.41000366210938,38134500
2023-11-22,190.37733459472656,191.30999755859375,192.92999267578125,190.8300018310547,191.49000549316406,39617700
2023-11-24,189.04388427734375,189.97000122070312,190.89999389648438,189.25,190.8699951171875,24048300
2023-11-27,188.86474609375,189.7899932861328,190.6699981689453,188.89999389648438,189.9199981689453,40552600
